{"cameraMode":{"drawMode":0,"name":"Shaded","section":"Shading Mode"},"sceneLighting":false,"audioPlay":false,"sceneViewState":{"showFog":true,"showMaterialUpdate":true,"showSkybox":true,"showFlares":true,"showImageEffects":true,"showParticleSystems":true},"in2DMode":false,"pivot":{"x":34.60300064086914,"y":1.840999960899353,"z":-63.356998443603519},"rotation":{"x":-0.08868081867694855,"y":-0.016074011102318765,"z":0.0014645549235865474,"w":-0.9959293603897095},"size":1.428942322731018,"orthographic":false}