{"cameraMode":{"drawMode":0,"name":"Shaded","section":"Shading Mode"},"sceneLighting":false,"audioPlay":false,"sceneViewState":{"showFog":false,"showMaterialUpdate":false,"showSkybox":false,"showFlares":false,"showImageEffects":false,"showParticleSystems":false},"in2DMode":false,"pivot":{"x":1.5341001749038697,"y":0.9142119288444519,"z":0.49225640296936037},"rotation":{"x":-0.1980540156364441,"y":-0.5158526301383972,"z":0.12392659485340119,"w":-0.8242044448852539},"size":5.586025238037109,"orthographic":false}