{"cameraMode":{"drawMode":0,"name":"Shaded","section":"Shading Mode"},"sceneLighting":false,"audioPlay":false,"sceneViewState":{"showFog":false,"showMaterialUpdate":false,"showSkybox":false,"showFlares":false,"showImageEffects":false,"showParticleSystems":false},"in2DMode":false,"pivot":{"x":43.65700149536133,"y":2.2899997234344484,"z":-63.249000549316409},"rotation":{"x":0.19099581241607667,"y":-0.036491237580776218,"z":0.007119481451809406,"w":0.9808865189552307},"size":22.345537185668947,"orthographic":false}