{"cameraMode":{"drawMode":0,"name":"Shaded","section":"Shading Mode"},"sceneLighting":false,"audioPlay":false,"sceneViewState":{"showFog":false,"showMaterialUpdate":false,"showSkybox":false,"showFlares":false,"showImageEffects":false,"showParticleSystems":false},"in2DMode":false,"pivot":{"x":-38.5099983215332,"y":6.420000076293945,"z":-63.14842224121094},"rotation":{"x":0.22364935278892518,"y":-0.5061755180358887,"z":0.1377972662448883,"w":0.8214494585990906},"size":34.328128814697269,"orthographic":false}