{"cameraMode":{"drawMode":0,"name":"Shaded","section":"Shading Mode"},"sceneLighting":false,"audioPlay":false,"sceneViewState":{"showFog":false,"showMaterialUpdate":false,"showSkybox":false,"showFlares":false,"showImageEffects":false,"showParticleSystems":false},"in2DMode":false,"pivot":{"x":0.0,"y":0.8905432820320129,"z":-0.057677507400512698},"rotation":{"x":-0.0022807789500802757,"y":-0.9914957880973816,"z":0.1289290487766266,"w":-0.017560305073857309},"size":4.765049457550049,"orthographic":false}