{"cameraMode":{"drawMode":0,"name":"Shaded","section":"Shading Mode"},"sceneLighting":false,"audioPlay":false,"sceneViewState":{"showFog":false,"showMaterialUpdate":false,"showSkybox":false,"showFlares":false,"showImageEffects":false,"showParticleSystems":false},"in2DMode":false,"pivot":{"x":34.60100173950195,"y":2.2899999618530275,"z":-63.36000061035156},"rotation":{"x":0.19099581241607667,"y":-0.036491237580776218,"z":0.007119481451809406,"w":0.9808865189552307},"size":27.4914608001709,"orthographic":false}