{"cameraMode":{"drawMode":0,"name":"Shaded","section":"Shading Mode"},"sceneLighting":false,"audioPlay":false,"sceneViewState":{"showFog":false,"showMaterialUpdate":false,"showSkybox":false,"showFlares":false,"showImageEffects":false,"showParticleSystems":false},"in2DMode":false,"pivot":{"x":570.4930419921875,"y":320.2325439453125,"z":-0.3574333190917969},"rotation":{"x":-0.22118742763996125,"y":0.6269649863243103,"z":-0.19208292663097382,"w":-0.7218692898750305},"size":5.075016021728516,"orthographic":false}