{"cameraMode":{"drawMode":0,"name":"Shaded","section":"Shading Mode"},"sceneLighting":true,"audioPlay":false,"sceneViewState":{"showFog":false,"showMaterialUpdate":false,"showSkybox":false,"showFlares":false,"showImageEffects":false,"showParticleSystems":false},"in2DMode":false,"pivot":{"x":24.46705436706543,"y":1.2699345350265504,"z":-63.32002639770508},"rotation":{"x":0.09714218974113465,"y":-0.7673835158348084,"z":0.11974359303712845,"w":0.6223723888397217},"size":9.443765640258789,"orthographic":false}