{"cameraMode":{"drawMode":0,"name":"Shaded","section":"Shading Mode"},"sceneLighting":false,"audioPlay":false,"sceneViewState":{"showFog":false,"showMaterialUpdate":false,"showSkybox":false,"showFlares":false,"showImageEffects":false,"showParticleSystems":false},"in2DMode":false,"pivot":{"x":38.28307342529297,"y":2.527432918548584,"z":-64.20729064941406},"rotation":{"x":0.09876931458711624,"y":-0.4546740651130676,"z":0.050830718129873279,"w":0.8837038278579712},"size":5.557884693145752,"orthographic":false}