{"cameraMode":{"drawMode":0,"name":"Shaded","section":"Shading Mode"},"sceneLighting":false,"audioPlay":false,"sceneViewState":{"showFog":false,"showMaterialUpdate":false,"showSkybox":false,"showFlares":false,"showImageEffects":false,"showParticleSystems":false},"in2DMode":false,"pivot":{"x":-7.529999732971191,"y":7.550000190734863,"z":-58.290000915527347},"rotation":{"x":-0.41274288296699526,"y":0.055647049099206927,"z":-0.025254465639591218,"w":-0.9087953567504883},"size":16.34170150756836,"orthographic":false}