{"cameraMode":{"drawMode":0,"name":"Shaded","section":"Shading Mode"},"sceneLighting":false,"audioPlay":false,"sceneViewState":{"showFog":true,"showMaterialUpdate":true,"showSkybox":true,"showFlares":true,"showImageEffects":true,"showParticleSystems":true},"in2DMode":false,"pivot":{"x":12.048999786376954,"y":6.020999908447266,"z":9.276000022888184},"rotation":{"x":0.22036725282669068,"y":-0.11620035022497177,"z":0.026420660316944124,"w":0.9681104421615601},"size":2.783761978149414,"orthographic":false}