{"cameraMode":{"drawMode":0,"name":"Shaded","section":"Shading Mode"},"sceneLighting":true,"audioPlay":false,"sceneViewState":{"showFog":false,"showMaterialUpdate":false,"showSkybox":false,"showFlares":false,"showImageEffects":false,"showParticleSystems":false},"in2DMode":false,"pivot":{"x":12.127961158752442,"y":4.303857803344727,"z":-63.32002258300781},"rotation":{"x":0.09714218974113465,"y":-0.7673835158348084,"z":0.11974359303712845,"w":0.6223723888397217},"size":13.944695472717286,"orthographic":false}