{"cameraMode":{"drawMode":0,"name":"Shaded","section":"Shading Mode"},"sceneLighting":false,"audioPlay":false,"sceneViewState":{"showFog":true,"showMaterialUpdate":true,"showSkybox":true,"showFlares":true,"showImageEffects":true,"showParticleSystems":true},"in2DMode":false,"pivot":{"x":0.013515472412109375,"y":0.0,"z":-0.005651034414768219},"rotation":{"x":0.0017363191582262517,"y":0.9976833462715149,"z":-0.06174502521753311,"w":0.028505615890026094},"size":3.7426950931549074,"orthographic":false}