{"cameraMode":{"drawMode":0,"name":"Shaded","section":"Shading Mode"},"sceneLighting":true,"audioPlay":false,"sceneViewState":{"showFog":false,"showMaterialUpdate":false,"showSkybox":false,"showFlares":false,"showImageEffects":false,"showParticleSystems":false},"in2DMode":false,"pivot":{"x":-8.162220001220704,"y":8.893487930297852,"z":-68.95528411865235},"rotation":{"x":0.4665333926677704,"y":0.26524344086647036,"z":-0.1490195095539093,"w":0.8305334448814392},"size":26.670907974243165,"orthographic":false}