{"cameraMode":{"drawMode":0,"name":"Shaded","section":"Shading Mode"},"sceneLighting":false,"audioPlay":false,"sceneViewState":{"showFog":false,"showMaterialUpdate":false,"showSkybox":false,"showFlares":false,"showImageEffects":false,"showParticleSystems":false},"in2DMode":false,"pivot":{"x":4.090000152587891,"y":7.340000152587891,"z":-63.380001068115237},"rotation":{"x":0.20106016099452973,"y":-0.6464512944221497,"z":0.1822458803653717,"w":0.7130652070045471},"size":9.413276672363282,"orthographic":false}