{"cameraMode":{"drawMode":0,"name":"Shaded","section":"Shading Mode"},"sceneLighting":false,"audioPlay":false,"sceneViewState":{"showFog":false,"showMaterialUpdate":false,"showSkybox":false,"showFlares":false,"showImageEffects":false,"showParticleSystems":false},"in2DMode":false,"pivot":{"x":0.2500411868095398,"y":0.7933120727539063,"z":-0.15435457229614259},"rotation":{"x":-0.025651853531599046,"y":-0.9567051529884338,"z":0.275944322347641,"w":-0.08895000070333481},"size":2.0222513675689699,"orthographic":false}