{"cameraMode":{"drawMode":0,"name":"Shaded","section":"Shading Mode"},"sceneLighting":false,"audioPlay":false,"sceneViewState":{"showFog":false,"showMaterialUpdate":false,"showSkybox":false,"showFlares":false,"showImageEffects":false,"showParticleSystems":false},"in2DMode":false,"pivot":{"x":1.9715585708618165,"y":3.6440300941467287,"z":-1.4757893085479737},"rotation":{"x":0.20988473296165467,"y":-0.31705769896507265,"z":0.07216940075159073,"w":0.9220707416534424},"size":4.524538516998291,"orthographic":false}