{"cameraMode":{"drawMode":0,"name":"Shaded","section":"Shading Mode"},"sceneLighting":false,"audioPlay":false,"sceneViewState":{"showFog":false,"showMaterialUpdate":false,"showSkybox":false,"showFlares":false,"showImageEffects":false,"showParticleSystems":false},"in2DMode":false,"pivot":{"x":43.65700149536133,"y":2.2899999618530275,"z":-63.249000549316409},"rotation":{"x":0.2702084481716156,"y":-0.4311240315437317,"z":0.13704000413417817,"w":0.8499056100845337},"size":11.613341331481934,"orthographic":false}